TimeOfDay,Power_Generated,Temperature,Voltage
12:01AM,0,12.153,218.282
12:02AM,0,12.193,258.607
12:03AM,0,12.054,204.756
12:04AM,0,10.636,234.959
12:05AM,0,10.913,261.422
12:06AM,0,8.897,247.448
12:07AM,0,10.523,271.514
12:08AM,0,9.749,222.135
12:09AM,0,11.174,275.248
12:10AM,0,8.876,269.284
12:11AM,0,9.77,197.958
12:12AM,0,10.093,279.209
12:13AM,0,11.704,266.668
12:14AM,0,11.138,286.004
12:15AM,0,10.385,281.439
12:16AM,0,10.704,253.523
12:17AM,0,11.126,214.268
12:18AM,0,9.648,270.213
12:19AM,0,10.168,251.395
12:20AM,0,12.229,218.505
12:21AM,0,10.213,269.885
12:22AM,0,11.765,215.073
12:23AM,0,11.92,213.852
12:24AM,0,9.798,224.899
12:25AM,0,9.915,277.298
12:26AM,0,10.038,276.887
12:27AM,0,9.284,205.919
12:28AM,0,8.317,238.3
12:29AM,0,10.355,197.619
12:30AM,0,9.924,290.303
12:31AM,0,8.169,279.429
12:32AM,0,8.98,215.064
12:33AM,0,11.108,257.879
12:34AM,0,11.477,260.21
12:35AM,0,11.853,224.353
12:36AM,0,10.309,283.115
12:37AM,0,9.427,195.418
12:38AM,0,10.479,262.867
12:39AM,0,10.487,239.558
12:40AM,0,10.978,227.138
12:41AM,0,8.303,242.597
12:42AM,0,9.904,233.462
12:43AM,0,9.111,217.324
12:44AM,0,10.489,266.121
12:45AM,0,10.522,239.025
12:46AM,0,11.001,206.83
12:47AM,0,10.467,290.662
12:48AM,0,9.127,201.591
12:49AM,0,10.014,236.196
12:50AM,0,9.285,251.816
12:51AM,0,11.215,287.239
12:52AM,0,9.917,265.334
12:53AM,0,8.675,234.801
12:54AM,0,9.714,219.418
12:55AM,0,9.083,264.643
12:56AM,0,10.15,284.597
12:57AM,0,10.674,277.935
12:58AM,0,8.831,210.078
12:59AM,0,8.238,273.495
1:00AM,0,9.07,292.432
1:01AM,0,9.168,291.225
1:02AM,0,11.686,277.998
1:03AM,0,11.617,212.992
1:04AM,0,9.134,254.23
1:05AM,0,9.017,214.681
1:06AM,0,9.857,197.87
1:07AM,0,10.915,291.732
1:08AM,0,11.834,259.06
1:09AM,0,9.738,258.306
1:10AM,0,12.01,238.743
1:11AM,0,11.146,287.984
1:12AM,0,11.87,213.418
1:13AM,0,8.215,234.675
1:14AM,0,10.045,261.475
1:15AM,0,10.133,237.579
1:16AM,0,10.54,288.246
1:17AM,0,10.548,255.787
1:18AM,0,8.312,248.151
1:19AM,0,9.92,228.519
1:20AM,0,11.621,241.571
1:21AM,0,11.947,282.793
1:22AM,0,11.243,243.722
1:23AM,0,9.206,223.518
1:24AM,0,9.847,234.241
1:25AM,0,9.986,216.128
1:26AM,0,11.13,236.351
1:27AM,0,9.994,272.323
1:28AM,0,11.39,230.726
1:29AM,0,8.597,263.527
1:30AM,0,9.633,242.455
1:31AM,0,11.779,207.652
1:32AM,0,10.661,243.674
1:33AM,0,11.973,263.063
1:34AM,0,10.342,226.24
1:35AM,0,11.751,209.364
1:36AM,0,8.56,249.572
1:37AM,0,10.74,260.44
1:38AM,0,8.43,234.336
1:39AM,0,10.045,208.326
1:40AM,0,11.566,259.114
1:41AM,0,8.928,281.887
1:42AM,0,8.595,245.624
1:43AM,0,10.712,276.263
1:44AM,0,10.035,271.865
1:45AM,0,9.065,284.307
1:46AM,0,8.013,283.982
1:47AM,0,10.3,292.704
1:48AM,0,8.215,264.327
1:49AM,0,11.582,276.816
1:50AM,0,8.82,209.962
1:51AM,0,8.84,202.194
1:52AM,0,8.427,227.365
1:53AM,0,11.287,270.009
1:54AM,0,11.636,238.606
1:55AM,0,10.345,211.216
1:56AM,0,8.693,275.072
1:57AM,0,8.788,243.018
1:58AM,0,9.223,226.348
1:59AM,0,10.557,212.757
2:00AM,0,7.944,219.198
2:01AM,0,10.125,242.38
2:02AM,0,9.326,225.042
2:03AM,0,10.644,211.438
2:04AM,0,8.107,212.22
2:05AM,0,10.215,260.72
2:06AM,0,9.523,241.09
2:07AM,0,11.569,267.284
2:08AM,0,8.822,196.648
2:09AM,0,8.438,284.291
2:10AM,0,9.4,241.076
2:11AM,0,8.872,278.515
2:12AM,0,11.689,233.217
2:13AM,0,8.124,221.027
2:14AM,0,8.588,245.513
2:15AM,0,11.531,212.66
2:16AM,0,8.265,269.266
2:17AM,0,8.35,221.707
2:18AM,0,10.464,204.395
2:19AM,0,10.549,228.283
2:20AM,0,7.997,218.155
2:21AM,0,11.633,226.928
2:22AM,0,9.601,275.21
2:23AM,0,10.343,257.627
2:24AM,0,10.151,230.784
2:25AM,0,10.499,269.899
2:26AM,0,9.329,227.023
2:27AM,0,9.236,200.287
2:28AM,0,8.216,221.988
2:29AM,0,9.563,254.517
2:30AM,0,7.94,224.114
2:31AM,0,9.833,199.016
2:32AM,0,9.743,215.937
2:33AM,0,11.605,243.026
2:34AM,0,11.724,241.569
2:35AM,0,9.315,247.005
2:36AM,0,9.851,290.238
2:37AM,0,8.992,225.742
2:38AM,0,10.321,262.055
2:39AM,0,8.8,280.839
2:40AM,0,9.794,293.524
2:41AM,0,10.07,255.673
2:42AM,0,8.734,204.111
2:43AM,0,8.514,216.295
2:44AM,0,7.955,234.759
2:45AM,0,9.689,230.076
2:46AM,0,7.966,265.691
2:47AM,0,8.986,285.338
2:48AM,0,9.519,264.873
2:49AM,0,7.997,279.897
2:50AM,0,11.181,216.909
2:51AM,0,8.404,240.607
2:52AM,0,8.45,236.644
2:53AM,0,10.905,210.039
2:54AM,0,10.143,228.886
2:55AM,0,10.911,221.487
2:56AM,0,8.537,211.369
2:57AM,0,10.203,216.41
2:58AM,0,9.042,215.765
2:59AM,0,10.095,209.344
3:00AM,0,9.241,213.993
3:01AM,0,11.622,227.253
3:02AM,0,8.668,282.582
3:03AM,0,9.219,226.573
3:04AM,0,10.693,220.251
3:05AM,0,9.047,265.183
3:06AM,0,11.301,259.162
3:07AM,0,8.14,280.221
3:08AM,0,7.974,220.275
3:09AM,0,8.578,277.585
3:10AM,0,9.432,252.363
3:11AM,0,11.544,237.239
3:12AM,0,8.671,256.611
3:13AM,0,10.814,251.653
3:14AM,0,11.632,276.612
3:15AM,0,9.358,281.527
3:16AM,0,10.103,293.694
3:17AM,0,9.793,263.655
3:18AM,0,9.638,223.396
3:19AM,0,9.873,287.015
3:20AM,0,11.699,198.183
3:21AM,0,10.522,288.368
3:22AM,0,10.409,272.469
3:23AM,0,10.235,204.951
3:24AM,0,10.026,207.93
3:25AM,0,8.103,206.2
3:26AM,0,11.207,258.777
3:27AM,0,8.017,255.232
3:28AM,0,10.792,284.267
3:29AM,0,10.912,243.058
3:30AM,0,10.327,263.293
3:31AM,0,11.57,271.347
3:32AM,0,9.138,223.208
3:33AM,0,8.269,267.122
3:34AM,0,8.375,290.116
3:35AM,0,9.483,287.708
3:36AM,0,9.446,233.989
3:37AM,0,8.92,260.238
3:38AM,0,10.54,287.579
3:39AM,0,8.587,286.785
3:40AM,0,11.049,280.95
3:41AM,0,10.409,291.151
3:42AM,0,9.274,254.98
3:43AM,0,9.792,267.579
3:44AM,0,8.365,268.99
3:45AM,0,8.855,284.467
3:46AM,0,11.389,228.536
3:47AM,0,9,231.153
3:48AM,0,11.529,229.501
3:49AM,0,9.345,220.707
3:50AM,0,8.29,207.728
3:51AM,0,11.029,221.478
3:52AM,0,10.846,240.284
3:53AM,0,9.701,198.685
3:54AM,0,8.607,283.864
3:55AM,0,9.101,208.939
3:56AM,0,9.189,235.536
3:57AM,0,10.739,221.205
3:58AM,0,8.034,246.804
3:59AM,0,8.544,264.464
4:00AM,0,9.193,289.804
4:01AM,0,9.759,232.058
4:02AM,0,9.601,224.894
4:03AM,0,7.972,241.741
4:04AM,0,10.301,236.7
4:05AM,0,10.215,204.329
4:06AM,0,9.463,255.442
4:07AM,0,8.237,198.532
4:08AM,0,10.881,230.422
4:09AM,0,10.688,269.67
4:10AM,0,9.117,252.399
4:11AM,0,9.147,207.226
4:12AM,0,11.579,262.697
4:13AM,0,7.92,279.24
4:14AM,0,9.401,224.971
4:15AM,0,9.994,205.196
4:16AM,0,8.856,236.775
4:17AM,0,7.869,268.338
4:18AM,0,9.35,218.166
4:19AM,0,9.724,263.276
4:20AM,0,10.627,264.161
4:21AM,0,10.574,262.767
4:22AM,0,10.415,223.444
4:23AM,0,8.668,257.262
4:24AM,0,11.329,233.217
4:25AM,0,9.18,262.641
4:26AM,0,11.222,216.595
4:27AM,0,7.758,239.246
4:28AM,0,8.898,223.726
4:29AM,0,10.268,285.456
4:30AM,0,8.172,240.65
4:31AM,0,9.633,220.991
4:32AM,0,8.792,259.43
4:33AM,0,7.859,278.568
4:34AM,0,9.785,197.825
4:35AM,0,7.79,204.202
4:36AM,0,8.886,197.597
4:37AM,0,8.417,252.102
4:38AM,0,10.509,268.531
4:39AM,0,8.462,237.994
4:40AM,0,7.839,199.833
4:41AM,0,9.194,209.176
4:42AM,0,9.141,238.87
4:43AM,0,9.895,205.323
4:44AM,0,8.048,280.372
4:45AM,0,9.275,240.413
4:46AM,0,9.58,221.24
4:47AM,0,9.274,225.759
4:48AM,0,8.803,281.018
4:49AM,0,9.457,265.325
4:50AM,0,10.879,200.928
4:51AM,0,8.292,288.138
4:52AM,0,9.228,205.248
4:53AM,0,9.844,254.459
4:54AM,0,8.428,264.569
4:55AM,0,9.46,203.47
4:56AM,0,7.962,225.342
4:57AM,0,10.642,258.454
4:58AM,0,8.273,252.131
4:59AM,0,9.232,201.992
5:00AM,0,8.595,281.22
5:01AM,0,9.775,262.937
5:02AM,0,10.493,282.637
5:03AM,0,9.456,289.813
5:04AM,0,9.561,284.003
5:05AM,0,9.426,215.707
5:06AM,0,10.991,273.777
5:07AM,0,8.014,232.145
5:08AM,0,8.193,200.134
5:09AM,0,7.559,194.522
5:10AM,0,7.655,291.005
5:11AM,0,9.657,226.313
5:12AM,0,10.734,255.375
5:13AM,0,10.595,262.792
5:14AM,0,10.285,248.548
5:15AM,0,10.786,221.899
5:16AM,0,9.25,256.866
5:17AM,0,7.832,240.168
5:18AM,0,9.07,205.087
5:19AM,0,8.517,231.488
5:20AM,0,9.685,268.118
5:21AM,0,9.364,240.696
5:22AM,0,8.61,284.165
5:23AM,0,10.944,257.296
5:24AM,0,9.524,204.923
5:25AM,0,9.816,231.627
5:26AM,0,7.736,223.174
5:27AM,0,10.033,247.148
5:28AM,0,11.255,287.063
5:29AM,0,10.421,210.042
5:30AM,0,8.275,253.186
5:31AM,0,8.811,218.557
5:32AM,0,8.467,219.075
5:33AM,0,8.73,253.537
5:34AM,0,7.972,251.485
5:35AM,0,10.348,247.077
5:36AM,0,7.971,277.324
5:37AM,0,9.916,217.559
5:38AM,0,10.658,287.805
5:39AM,0,9.381,246.937
5:40AM,0,9.044,247.688
5:41AM,0,8.722,262.644
5:42AM,0,8.625,215.275
5:43AM,0,7.948,226.983
5:44AM,0,10.105,265.353
5:45AM,0,8.866,245.445
5:46AM,0,8.726,215.058
5:47AM,0,7.983,255.123
5:48AM,0,9.196,247.589
5:49AM,0,7.951,242.43
5:50AM,0,10.087,265.093
5:51AM,0,9.286,280.112
5:52AM,0,9.594,268.853
5:53AM,0,10.781,236.37
5:54AM,0,9.158,289.464
5:55AM,0,9.347,283.714
5:56AM,0,8.643,238.718
5:57AM,0,8.131,210.716
5:58AM,0,7.617,222.165
5:59AM,0,8.836,278.712
6:00AM,0,9.639,211.958
6:01AM,0,9.179,234.743
6:02AM,0,8.672,212.064
6:03AM,0,9.232,271.885
6:04AM,0,7.451,234.63
6:05AM,0,7.237,258.881
6:06AM,0,9.695,281.322
6:07AM,0,9.937,267.516
6:08AM,0,9.931,240.708
6:09AM,0,8.31,237.092
6:10AM,0,7.461,208.647
6:11AM,0,9.427,220.464
6:12AM,0,8.998,283.099
6:13AM,0,10.109,210.921
6:14AM,0,9.244,268.955
6:15AM,0,9.209,211.494
6:16AM,0,8.702,196.668
6:17AM,0,7.752,257.976
6:18AM,0,8.602,272.818
6:19AM,0,9.138,262.78
6:20AM,0,6.927,195.784
6:21AM,0,7.644,239.604
6:22AM,0,9.823,225.852
6:23AM,0,8.617,238.365
6:24AM,0,7.127,276.767
6:25AM,0,10.039,211.163
6:26AM,0,8.268,210.273
6:27AM,0,9.783,274.629
6:28AM,0,10.373,277.632
6:29AM,0,10.207,213.533
6:30AM,0,9.851,283.363
6:31AM,0,9.152,278.501
6:32AM,0,6.968,234.83
6:33AM,0,6.998,272.301
6:34AM,0,9.079,194.923
6:35AM,0,10.011,211.672
6:36AM,0,7.727,255.147
6:37AM,0,8.328,222.588
6:38AM,0,9.109,215.093
6:39AM,0,8.091,218.375
6:40AM,0,7.36,282.379
6:41AM,0,9.146,260.28
6:42AM,0,8.627,236.35
6:43AM,0,8.741,278.316
6:44AM,0,9.149,228.223
6:45AM,0,8.326,212.462
6:46AM,0,9.646,203
6:47AM,0,9.099,259.232
6:48AM,0,9.479,230.766
6:49AM,0,9.014,288.375
6:50AM,0,9.965,257.779
6:51AM,0.017,8.938,274.273
6:52AM,0.024,9.085,281.469
6:53AM,0.011,6.746,225.623
6:54AM,0.022,9.422,257.943
6:55AM,0.026,9.551,264.376
6:56AM,0.061,7.271,210.719
6:57AM,0.044,7.848,239.352
6:58AM,0.046,9.74,238.597
6:59AM,0.021,8.514,276.135
7:00AM,0.055,9.688,276.39
7:01AM,0.109,7.737,251.298
7:02AM,0.092,8.595,192.985
7:03AM,0.086,8.138,263.859
7:04AM,0.093,8.286,270.576
7:05AM,0.186,9.726,276.775
7:06AM,0.161,9.332,283.491
7:07AM,0.195,8.899,238.467
7:08AM,0.235,8.736,251.071
7:09AM,0.157,6.688,264.993
7:10AM,0.204,8.86,207.178
7:11AM,0.226,6.598,203.185
7:12AM,0.318,7.451,239.426
7:13AM,0.244,8.396,220.427
7:14AM,0.282,7.92,263.937
7:15AM,0.33,8.881,276.252
7:16AM,0.414,7.745,193.043
7:17AM,0.405,7.2,265.208
7:18AM,0.402,8.613,215.537
7:19AM,0.387,8.626,260.005
7:20AM,0.346,6.571,247.959
7:21AM,0.435,6.932,267.672
7:22AM,0.471,7.168,237.283
7:23AM,0.556,7.381,254.458
7:24AM,0.48,9.489,217.389
7:25AM,0.573,9.289,216.616
7:26AM,0.693,7.486,277.215
7:27AM,0.615,8.025,251.445
7:28AM,0.623,8.8,234.663
7:29AM,0.539,6.774,226.784
7:30AM,0.744,6.593,251.517
7:31AM,1.136,6.932,242.091
7:32AM,1.029,8.063,218.687
7:33AM,1.362,9.305,240.565
7:34AM,0.669,9.504,200.512
7:35AM,1.134,7.498,220.053
7:36AM,2.008,7.652,265.891
7:37AM,2.067,8.975,224.338
7:38AM,2.147,7.624,243.536
7:39AM,2.364,8.441,231.946
7:40AM,1.951,7.351,204.958
7:41AM,2.152,9.571,216.763
7:42AM,2.263,8.855,278.093
7:43AM,2.906,10.034,234.211
7:44AM,2.585,9.438,238.645
7:45AM,2.977,8.04,245.71
7:46AM,3.391,8.283,243.797
7:47AM,2.81,10.106,274.845
7:48AM,3.277,10.06,231.258
7:49AM,2.983,10.282,270.86
7:50AM,4.073,9.617,287.583
7:51AM,4.172,9.12,261.041
7:52AM,3.51,7.974,206.968
7:53AM,3.884,8.163,256.282
7:54AM,3.309,9.543,226.842
7:55AM,3.532,10.412,282.227
7:56AM,4.698,8.498,285.779
7:57AM,4.548,8.47,207.36
7:58AM,4.791,7.66,221.938
7:59AM,3.688,8.926,286.614
8:00AM,4.859,9.77,254.961
8:01AM,3.681,10.264,212.258
8:02AM,4.27,7.651,210.07
8:03AM,4.856,10.871,199.167
8:04AM,4.191,9.996,198.538
8:05AM,5.288,10.484,211.47
8:06AM,4.932,8.643,282.314
8:07AM,4.7,9.296,249.087
8:08AM,5.494,7.663,228.862
8:09AM,5.428,11.323,238.855
8:10AM,4.861,8.004,272.049
8:11AM,4.507,11.392,257.324
8:12AM,4.229,8.856,291.702
8:13AM,4.544,10.971,280.365
8:14AM,5.77,7.886,237.103
8:15AM,6.165,9.8,267.115
8:16AM,4.55,7.756,235.903
8:17AM,4.575,10.819,217.223
8:18AM,4.556,8.98,221.842
8:19AM,4.578,8.483,267.224
8:20AM,6.462,10.219,209.704
8:21AM,6.231,9.312,283.436
8:22AM,5.35,8.664,263.561
8:23AM,5.679,11.253,238.093
8:24AM,5.075,9.168,233.72
8:25AM,5.008,10.795,232.914
8:26AM,5.327,11.683,239.409
8:27AM,6.529,10.892,291.442
8:28AM,5.187,9.098,228.637
8:29AM,6.363,8.525,258.433
8:30AM,6.116,11.779,207.474
8:31AM,6.298,9.629,223.514
8:32AM,7.335,8.604,264.648
8:33AM,6.552,10.644,232.036
8:34AM,5.573,11.024,208.553
8:35AM,8.319,12.828,239.202
8:36AM,8.038,8.783,254.803
8:37AM,8.365,12.826,218.156
8:38AM,6.556,9.645,279.728
8:39AM,6.21,11.627,203.291
8:40AM,7.424,11.655,200.907
8:41AM,6.08,8.738,285.187
8:42AM,6.777,12.599,195.43
8:43AM,6.211,9.951,265.464
8:44AM,7.804,11.305,228.757
8:45AM,6.256,10.905,201.765
8:46AM,9.155,8.736,229.617
8:47AM,9.174,11.793,208.602
8:48AM,6.456,10.823,195.949
8:49AM,8.788,12.746,207.555
8:50AM,7.796,11.268,232.053
8:51AM,8.568,13.057,290.864
8:52AM,7.422,13.19,259.371
8:53AM,7.167,11.769,199.735
8:54AM,7.927,11.995,265.739
8:55AM,9.456,9.793,230.77
8:56AM,9.987,10.371,259.377
8:57AM,9.18,10.296,256.199
8:58AM,9.204,11.811,287.174
8:59AM,9.909,9.058,253.037
9:00AM,10.172,11.313,288.122
9:01AM,10.083,12.556,268.592
9:02AM,8.274,9.62,257.248
9:03AM,8.443,12.925,252.142
9:04AM,8.543,12.371,233.115
9:05AM,8.229,11.479,197.398
9:06AM,8.946,10.073,220.658
9:07AM,9.646,9.379,269.54
9:08AM,9.099,12.326,219.798
9:09AM,10.127,13.482,224.708
9:10AM,7.624,11.134,294.599
9:11AM,7.809,10.633,222.068
9:12AM,7.875,11.898,201.257
9:13AM,11.185,11.805,213.585
9:14AM,10.268,11.667,242.707
9:15AM,7.865,10.988,262.723
9:16AM,8.567,11.547,218.336
9:17AM,11.3,11.98,280.564
9:18AM,9.04,10.793,237.139
9:19AM,8.536,11.601,200.909
9:20AM,9.825,12.558,213.134
9:21AM,9.33,11.351,233.989
9:22AM,10.518,11.393,232.021
9:23AM,8.364,10.771,284.473
9:24AM,11.868,11.89,257.278
9:25AM,8.521,14.21,245.343
9:26AM,9.467,11.994,222.669
9:27AM,10.673,12.717,242.021
9:28AM,8.561,10.573,282.508
9:29AM,8.785,13.354,198.019
9:30AM,11.864,14.581,211.366
9:31AM,12.656,12.438,289.048
9:32AM,12.974,12.011,213.112
9:33AM,8.994,12.499,198.213
9:34AM,9.746,10.617,215.96
9:35AM,10.117,14.818,201.911
9:36AM,9.764,11.4,230.078
9:37AM,12.828,14.711,294.74
9:38AM,12.244,14.758,204.83
9:39AM,11.811,11.446,220.023
9:40AM,11.052,12.379,259.584
9:41AM,10.457,12.079,231.282
9:42AM,12.333,15.529,296.606
9:43AM,12.063,10.484,253.121
9:44AM,10.416,11.248,291.136
9:45AM,10.148,12.02,240.19
9:46AM,10.448,14.588,216.322
9:47AM,12.75,15.385,245.379
9:48AM,12.441,15.574,295.045
9:49AM,9.947,11.762,251.223
9:50AM,13.504,12.146,208.833
9:51AM,13.833,13.779,200.508
9:52AM,11.27,15.884,280.283
9:53AM,13.458,13.807,293.449
9:54AM,9.694,13.721,216.3
9:55AM,13.095,13.948,269.882
9:56AM,9.855,13.672,264.626
9:57AM,12.99,13.19,250.733
9:58AM,9.988,14.48,254.049
9:59AM,10.538,14.38,233.188
10:00AM,11.59,13.962,274.066
10:01AM,12.049,15.175,277.005
10:02AM,11.999,12.94,260.347
10:03AM,14.316,15.424,227.353
10:04AM,12.746,13.009,214.845
10:05AM,10.92,14.947,231.767
10:06AM,11.668,15.955,233.036
10:07AM,11.14,11.993,266.152
10:08AM,14.494,12.618,282.232
10:09AM,12.927,16.032,287.137
10:10AM,12.55,13.227,229.068
10:11AM,12.619,14.717,296.163
10:12AM,11.17,15.363,273.166
10:13AM,12.197,13.842,217.074
10:14AM,10.679,12.747,263.625
10:15AM,12.089,12.245,200.336
10:16AM,12.184,16.838,286.439
10:17AM,11.416,17.035,271.014
10:18AM,10.31,12.542,243.164
10:19AM,10.72,15.366,253.968
10:20AM,15.335,17.033,245.714
10:21AM,14.326,14.747,255.784
10:22AM,15.625,12.697,284.964
10:23AM,11.643,12.226,211.852
10:24AM,13.804,17.552,251.651
10:25AM,11.589,13.124,291.103
10:26AM,10.763,15.183,212.74
10:27AM,15.082,13.512,203.197
10:28AM,16.003,13.557,234.17
10:29AM,13.677,15.008,235.587
10:30AM,13.527,12.787,199.642
10:31AM,11.922,14.836,243.364
10:32AM,14.491,14.355,263.761
10:33AM,11.449,14.475,288.407
10:34AM,11.577,13.258,274.965
10:35AM,15.354,16.066,289.958
10:36AM,12.192,17.413,288.618
10:37AM,13.899,12.779,204.606
10:38AM,13.434,13.116,258.533
10:39AM,13.55,16.765,218.11
10:40AM,12.304,15.377,261.179
10:41AM,13.97,16.73,288.397
10:42AM,11.893,15.242,242.049
10:43AM,11.722,15.538,275.879
10:44AM,12.732,18.429,208.721
10:45AM,12.554,16.83,201.401
10:46AM,12.82,14.075,256.83
10:47AM,14.047,15.075,258.65
10:48AM,14.045,12.933,199.297
10:49AM,16.903,17.38,226.705
10:50AM,16.461,14.658,259.02
10:51AM,14.247,18.604,291.484
10:52AM,13.206,17.076,250.23
10:53AM,16.622,17.136,220.176
10:54AM,14.51,13.687,236.121
10:55AM,12.353,14.418,213.776
10:56AM,17.239,14.306,244.847
10:57AM,15.151,14.206,251.532
10:58AM,15.462,18.27,207.846
10:59AM,11.969,13.442,262.774
11:00AM,17.147,14.365,266.538
11:01AM,12.718,14.821,221.431
11:02AM,12.923,18.621,206.964
11:03AM,12.813,19.426,204.645
11:04AM,14.891,15.808,258.15
11:05AM,13.901,19.264,225.031
11:06AM,13.194,15.673,279.793
11:07AM,16.862,20.323,254.747
11:08AM,16.603,14.868,207.62
11:09AM,12.156,18.835,205.919
11:10AM,16.765,15.447,255.45
11:11AM,17.133,20.3,244.104
11:12AM,15.095,16.066,284.223
11:13AM,12.885,20.215,237.897
11:14AM,12.296,19.017,223.307
11:15AM,14.591,14.149,275.72
11:16AM,17.654,15.504,285.407
11:17AM,17.049,19.183,273.352
11:18AM,17.132,14.044,217.632
11:19AM,12.9,15.965,297.955
11:20AM,12.87,14.681,296.716
11:21AM,12.347,16.225,265.962
11:22AM,15.303,18.369,240.764
11:23AM,12.959,19.66,254.555
11:24AM,14.766,14.489,232.819
11:25AM,14.884,19.342,218.348
11:26AM,14.239,16.774,215.457
11:27AM,14.239,14.754,253.743
11:28AM,13.476,13.865,244.45
11:29AM,17.238,14.06,289.486
11:30AM,13.729,16.622,198.997
11:31AM,17.652,13.968,280.397
11:32AM,14.719,14.481,240.961
11:33AM,15.534,20.537,239.299
11:34AM,14.242,19.469,240.121
11:35AM,14.247,17.226,267.357
11:36AM,14.656,17.149,222.913
11:37AM,18.333,19.936,287.585
11:38AM,17.377,20.046,296.749
11:39AM,14.864,19.957,231.811
11:40AM,13.483,19.005,259.004
11:41AM,15.233,20.402,241.914
11:42AM,15.555,18.019,206.544
11:43AM,15.37,14.287,271.98
11:44AM,16.927,19.504,249.914
11:45AM,16.934,21.02,232.426
11:46AM,13.265,20.514,254.255
11:47AM,17.086,17.069,258.387
11:48AM,16.658,16.112,256.351
11:49AM,12.921,14.467,215.759
11:50AM,17.68,21.062,221.03
11:51AM,12.983,16.682,219.801
11:52AM,17.285,20.189,288.197
11:53AM,18.534,19.573,285.529
11:54AM,16.101,20.582,237.817
11:55AM,15.408,15.862,203.875
11:56AM,14.754,14.66,283.316
11:57AM,16.389,16.319,289.078
11:58AM,17.097,17.434,224.991
11:59AM,12.52,20.19,257.848
12:00PM,17.856,17.488,247.675
12:01PM,18.112,19.124,203.587
12:02PM,15.622,19.155,238.93
12:03PM,14.297,21.304,211.048
12:04PM,15.132,15.477,214.208
12:05PM,16.586,15.56,251.819
12:06PM,13.623,15.572,205.891
12:07PM,15.569,19.467,299.121
12:08PM,14.287,15.682,268.943
12:09PM,14.303,16.642,290.76
12:10PM,18.167,19.896,202.421
12:11PM,14.39,15.296,230.545
12:12PM,14.792,19.356,221.692
12:13PM,14.607,14.384,254.192
12:14PM,16.337,15.106,207.309
12:15PM,17.072,16.081,211.84
12:16PM,17.248,15.031,226.19
12:17PM,16.97,20.213,264.587
12:18PM,15.883,16.759,272.473
12:19PM,15.591,18.721,247.907
12:20PM,14.365,15.76,234.444
12:21PM,15.401,16.869,218.967
12:22PM,12.901,15.204,202.394
12:23PM,17.563,16.536,247.351
12:24PM,14.48,20.478,216.562
12:25PM,15.824,20.696,261.107
12:26PM,18.179,18.584,295.041
12:27PM,15.922,18.333,223.158
12:28PM,16.383,15.962,296.412
12:29PM,14.825,20.087,279.452
12:30PM,15.78,21.083,208.901
12:31PM,16.725,14.742,281.046
12:32PM,13.385,15.74,275.499
12:33PM,17.576,19.266,211.933
12:34PM,12.752,21.402,279.01
12:35PM,16.993,17.866,296.434
12:36PM,15.337,14.894,244.774
12:37PM,12.936,18.972,202.372
12:38PM,15.57,20.322,264.03
12:39PM,13.061,20.989,213.739
12:40PM,13.811,20.066,234.161
12:41PM,13.791,16.681,241.232
12:42PM,14.794,18.94,282.656
12:43PM,14.63,17.158,272.584
12:44PM,17.777,15.076,294.574
12:45PM,17.541,18.34,263.218
12:46PM,15.155,21.168,277.232
12:47PM,12.477,21.48,275
12:48PM,14.609,18.297,230.749
12:49PM,12.81,16.279,225.449
12:50PM,13.501,15.352,230.678
12:51PM,16.203,19.612,292.128
12:52PM,16.982,21.149,267.383
12:53PM,14.745,17.707,287.994
12:54PM,13.172,15.632,271.045
12:55PM,16.623,16.562,254.989
12:56PM,9.888,19.898,228.74
12:57PM,9.653,19.75,300.038
12:58PM,14.434,16.405,282.913
12:59PM,13.749,21.302,280.207
1:00PM,9.405,17.164,236.775
1:01PM,14.658,16.214,226.577
1:02PM,14.229,16.662,241.291
1:03PM,12.553,15.254,264.761
1:04PM,15.204,15.324,248.696
1:05PM,17.871,21.278,281.304
1:06PM,12.379,19.554,225.511
1:07PM,17.023,22.286,253.949
1:08PM,17.944,15.986,242.039
1:09PM,14.129,16.571,244.884
1:10PM,12.579,16.185,299.479
1:11PM,17.305,16.878,208.042
1:12PM,15.116,19.055,293.086
1:13PM,14.705,17.222,299.931
1:14PM,12.885,15.256,263.958
1:15PM,15.95,15.413,260.334
1:16PM,14.726,18.7,234.17
1:17PM,12.013,19.248,225.95
1:18PM,15.195,17.684,233.032
1:19PM,17.014,19.602,204.896
1:20PM,16.682,15.903,201.991
1:21PM,17.364,22.217,289.081
1:22PM,15.576,15.755,280.944
1:23PM,14.049,17.955,231.886
1:24PM,16.828,19.607,231.489
1:25PM,13.223,19.77,293.41
1:26PM,16.931,17.32,207.381
1:27PM,16.413,20.925,272.974
1:28PM,12.129,15.334,258.405
1:29PM,15.946,17.276,289.491
1:30PM,15.687,19.832,292.478
1:31PM,16.089,19.241,218.505
1:32PM,16.472,16.149,208.245
1:33PM,14.929,22.238,296.139
1:34PM,15.266,15.705,209.899
1:35PM,10.99,16.044,295.584
1:36PM,13.982,17.095,269.553
1:37PM,8.967,21.91,226.818
1:38PM,14.666,15.204,228.652
1:39PM,8.066,21.377,288.045
1:40PM,7.626,21.823,273.825
1:41PM,9.666,19.766,268.377
1:42PM,7.963,22.294,199.274
1:43PM,7.082,17.006,242.338
1:44PM,9.507,16.107,230.182
1:45PM,7.058,15.056,265.043
1:46PM,4.059,15.46,284.671
1:47PM,4.975,20.696,198.389
1:48PM,3.539,17.599,267.053
1:49PM,6.331,21.671,250.205
1:50PM,2.896,20.01,225.42
1:51PM,2.09,18.057,202.176
1:52PM,2.134,21.352,241.56
1:53PM,2.379,19.39,212.244
1:54PM,2.918,20.864,197.806
1:55PM,2.078,18.597,273.662
1:56PM,4.529,21.043,199.854
1:57PM,5.415,19.504,275.479
1:58PM,5.785,19.678,213.28
1:59PM,4.152,20.23,226.336
2:00PM,4.669,20.446,207.03
2:01PM,9.132,16.708,257.351
2:02PM,5.437,19.817,271.059
2:03PM,7.855,21.684,213.61
2:04PM,5.663,16.741,244.518
2:05PM,10.865,20.002,294.561
2:06PM,10.208,21.545,282.459
2:07PM,13.479,19.805,204.885
2:08PM,12.16,16.631,203.403
2:09PM,12.163,16.208,274.461
2:10PM,14.987,17.993,211.694
2:11PM,11.225,17.504,282.838
2:12PM,10.81,18.109,253.24
2:13PM,12.593,15.56,280.948
2:14PM,10.658,19.765,289.061
2:15PM,14.979,17.595,235.627
2:16PM,12.269,16.611,294.006
2:17PM,11.416,20.23,280.39
2:18PM,12.837,15.167,207.26
2:19PM,10.563,21.756,199.607
2:20PM,13.387,19.569,247.483
2:21PM,15.04,17.65,248.236
2:22PM,10.511,15.27,285.21
2:23PM,13.637,19.722,222.138
2:24PM,12.672,19.176,278.606
2:25PM,10.225,21.538,296.166
2:26PM,10.855,19.749,281.737
2:27PM,13.586,16.143,289.828
2:28PM,14.184,20.281,264.246
2:29PM,11.613,20.267,228.76
2:30PM,12.996,15.34,246.345
2:31PM,11.828,21.378,241.125
2:32PM,11.017,15.498,227.342
2:33PM,11.29,21.241,228.471
2:34PM,11.256,20.252,255.73
2:35PM,12.235,20.508,212.684
2:36PM,9.035,17.793,214.252
2:37PM,9.247,20.317,228.015
2:38PM,9.477,19.929,246.087
2:39PM,11.325,15.876,261.789
2:40PM,12.354,18.773,232.616
2:41PM,11.069,19.8,257.327
2:42PM,11.374,20.055,268.941
2:43PM,10.33,18.582,278.139
2:44PM,11.728,19.079,277.134
2:45PM,10.501,15.254,241.832
2:46PM,9.731,14.641,295.636
2:47PM,10.489,16.007,228.158
2:48PM,8.936,18.621,218.272
2:49PM,9.116,16.612,199.216
2:50PM,12.308,19.439,292.977
2:51PM,10.972,18.086,215.47
2:52PM,12.172,20.333,287.292
2:53PM,12.326,20.668,287.163
2:54PM,10.101,18.491,274.881
2:55PM,9.627,16.697,211.662
2:56PM,9.355,17.675,263.786
2:57PM,8.285,15.032,201.502
2:58PM,10.884,15.782,236.937
2:59PM,8.134,16.341,213.905
3:00PM,7.657,17.076,245.388
3:01PM,8.928,16.141,283.479
3:02PM,10.151,13.674,211.139
3:03PM,10.836,17.25,223.883
3:04PM,9.893,15.789,210.49
3:05PM,8.747,14.042,260.709
3:06PM,10.664,18.877,224.71
3:07PM,8.993,18.182,273.609
3:08PM,9.922,19.706,254.413
3:09PM,12.46,20.078,228.219
3:10PM,11.977,19.777,248.112
3:11PM,11.518,17.521,240.656
3:12PM,10.326,18.452,223.686
3:13PM,12.364,16.75,234.231
3:14PM,12.757,19.334,203.355
3:15PM,9.734,16.703,284.493
3:16PM,12.017,17.472,217.746
3:17PM,11.781,16.867,259.382
3:18PM,12.515,15.637,281.141
3:19PM,11.799,15.995,246.667
3:20PM,9.96,20.174,203.296
3:21PM,11.788,19.396,261.194
3:22PM,10.333,19.25,272.506
3:23PM,10.242,18.317,233.397
3:24PM,9.072,18.041,229.341
3:25PM,10.805,14.185,280.945
3:26PM,9.611,19.81,241.945
3:27PM,9.562,20.139,236.61
3:28PM,7.581,13.518,240.411
3:29PM,9.736,18.973,225.422
3:30PM,8.591,17.956,233.706
3:31PM,9.174,17.422,246.532
3:32PM,7.417,14.476,294.15
3:33PM,7.347,17.81,257.636
3:34PM,6.612,14.899,283.623
3:35PM,8.356,15.996,278.506
3:36PM,6.525,20.124,217.275
3:37PM,5.799,13.162,239.255
3:38PM,5.646,17.393,197.59
3:39PM,7.555,18.143,283.739
3:40PM,6.081,18.77,202.072
3:41PM,6.564,13.818,202.964
3:42PM,7.926,17.077,206.691
3:43PM,7.625,16.989,292.673
3:44PM,7.543,15.09,227.516
3:45PM,7.096,17.003,273.599
3:46PM,5.028,14.798,259.31
3:47PM,5.786,16.867,278.494
3:48PM,4.815,16.843,260.704
3:49PM,5.822,17.789,294.027
3:50PM,3.982,17.222,237.109
3:51PM,3.394,14.322,270.367
3:52PM,4.325,17.132,204.473
3:53PM,5.03,18.539,269.432
3:54PM,4.816,16.126,232.999
3:55PM,4.212,13.969,263.681
3:56PM,3.791,14.42,291.245
3:57PM,4.082,14.047,240.522
3:58PM,3.955,17.03,224.769
3:59PM,3.875,15.711,248.205
4:00PM,4.073,13.496,282.719
4:01PM,2.15,15.316,289.841
4:02PM,2.703,18.092,206.21
4:03PM,4.288,14.945,291.193
4:04PM,2.602,17.783,237.074
4:05PM,2.458,18.947,205.712
4:06PM,1.488,18.654,237.653
4:07PM,2.007,18.509,246.141
4:08PM,1.175,14.874,243.652
4:09PM,2.104,18.803,252.884
4:10PM,1.325,15.378,217.074
4:11PM,1.246,15.846,271.741
4:12PM,1.35,17.277,208.529
4:13PM,1.05,17.654,232.425
4:14PM,1.122,16.898,285.106
4:15PM,1.193,16.7,236.95
4:16PM,0.686,15.525,264.498
4:17PM,0.639,18.224,249.438
4:18PM,0.653,16.103,218.034
4:19PM,0.833,13.781,201.499
4:20PM,0.722,17.189,281.99
4:21PM,0.692,13.86,285.819
4:22PM,0.79,14.244,224.442
4:23PM,0.756,13.521,221.254
4:24PM,0.844,13.594,210.623
4:25PM,0.553,15.921,219.574
4:26PM,0.915,13.43,266.624
4:27PM,0.568,19.488,245.8
4:28PM,1.126,15.178,251.985
4:29PM,0.991,16.289,289.407
4:30PM,1.004,16.538,246.676
4:31PM,1.03,19.559,203.774
4:32PM,1.267,13.596,241.514
4:33PM,1.242,14.876,232.385
4:34PM,1.068,15.858,224.772
4:35PM,1.36,14.626,263.916
4:36PM,1.974,13.134,198.934
4:37PM,2.356,18.055,201.452
4:38PM,1.683,15.559,259.191
4:39PM,2.149,16.807,273.33
4:40PM,2.23,13.287,263.056
4:41PM,2.175,13.29,248.317
4:42PM,2.193,18.471,205.245
4:43PM,1.76,16.302,229.501
4:44PM,2.368,16.594,271.477
4:45PM,1.75,18.687,247.447
4:46PM,1.391,15.53,202.105
4:47PM,1.785,14.436,234.302
4:48PM,2.165,16.344,264.211
4:49PM,1.819,17.43,247.118
4:50PM,1.475,13.509,233.502
4:51PM,1.376,16.818,208.439
4:52PM,0.988,17.79,222.615
4:53PM,1.1,17.19,222.295
4:54PM,1.034,14.791,238.862
4:55PM,0.981,14.018,207.959
4:56PM,0.714,18.865,237.232
4:57PM,0.675,13.614,211.83
4:58PM,0.734,15.647,271.899
4:59PM,0.61,15.247,243.018
5:00PM,0.677,14.353,208.67
5:01PM,0.403,16.637,235.282
5:02PM,0.334,13.266,286.039
5:03PM,0.261,16.802,206.57
5:04PM,0.309,15.506,264.161
5:05PM,0.241,14.344,284.054
5:06PM,0.208,14.177,228.193
5:07PM,0.119,13.818,266.422
5:08PM,0.118,14.734,286.469
5:09PM,0.094,18.7,209.842
5:10PM,0.09,15.265,231.224
5:11PM,0.098,18.341,233.831
5:12PM,0.02,12.921,259.663
5:13PM,0.049,16.823,202.441
5:14PM,0.039,16.604,223.117
5:15PM,0.022,17.381,259.553
5:16PM,0.004,17.925,210.671
5:17PM,0.006,14.259,206.167
5:18PM,0.009,13.715,199.991
5:19PM,0.021,15.087,220.652
5:20PM,0,16.697,204.17
5:21PM,0,14.07,214.869
5:22PM,0,15.114,240.299
5:23PM,0,16.217,211.968
5:24PM,0,17.757,238.049
5:25PM,0,14.549,243.651
5:26PM,0,16.87,236.988
5:27PM,0,16.803,194.402
5:28PM,0,14.981,198.525
5:29PM,0,16.001,257.542
5:30PM,0,16.617,247.446
5:31PM,0,15.552,193.482
5:32PM,0,14.448,225.395
5:33PM,0,15.483,228.551
5:34PM,0,12.425,218.684
5:35PM,0,14.905,233.883
5:36PM,0,16.437,275.258
5:37PM,0,16.812,257.516
5:38PM,0,12.49,283.808
5:39PM,0,15.98,271.856
5:40PM,0,14.213,270.186
5:41PM,0,16.762,279.549
5:42PM,0,16.182,222.722
5:43PM,0,13.021,283.251
5:44PM,0,13.433,208.834
5:45PM,0,11.741,249.727
5:46PM,0,16.878,271.435
5:47PM,0,14.551,260.977
5:48PM,0,15.785,265.233
5:49PM,0,14.459,226.817
5:50PM,0,16.073,247.17
5:51PM,0,16.132,198.181
5:52PM,0,12.897,209.332
5:53PM,0,13.063,265.662
5:54PM,0,12.215,248.988
5:55PM,0,12.861,249.501
5:56PM,0,14.932,203.682
5:57PM,0,12.918,271.343
5:58PM,0,13.765,281.051
5:59PM,0,10.917,207.802
6:00PM,0,14.901,220.796
6:01PM,0,13.088,235.485
6:02PM,0,14.312,236.329
6:03PM,0,13.725,261.421
6:04PM,0,12.794,254.049
6:05PM,0,13.474,230.598
6:06PM,0,15.514,235.067
6:07PM,0,12.689,272.056
6:08PM,0,14.249,238.794
6:09PM,0,13.297,229.426
6:10PM,0,12.923,227.804
6:11PM,0,11.889,252.502
6:12PM,0,11.416,266.221
6:13PM,0,13.446,259.597
6:14PM,0,12.721,212.891
6:15PM,0,15.838,193.162
6:16PM,0,15.772,289.6
6:17PM,0,15.985,201.837
6:18PM,0,15.893,227.253
6:19PM,0,14.545,265.517
6:20PM,0,14.036,210.258
6:21PM,0,15.919,204.22
6:22PM,0,12.777,208.06
6:23PM,0,13.921,231.919
6:24PM,0,15.972,232.703
6:25PM,0,10.934,193.972
6:26PM,0,15.245,263.646
6:27PM,0,13.749,247.642
6:28PM,0,13.8,237.02
6:29PM,0,12.156,218.856
6:30PM,0,15.568,234.849
6:31PM,0,11.346,279.826
6:32PM,0,10.72,233.096
6:33PM,0,10.634,248.495
6:34PM,0,11.239,226.673
6:35PM,0,15.036,193.207
6:36PM,0,15.502,281.679
6:37PM,0,14.885,276.013
6:38PM,0,12.983,195.936
6:39PM,0,14.019,226.15
6:40PM,0,10.857,200.304
6:41PM,0,14.307,251.079
6:42PM,0,13.474,270.17
6:43PM,0,11.463,286.86
6:44PM,0,13.051,271.595
6:45PM,0,13.425,234.654
6:46PM,0,14.216,263.957
6:47PM,0,13.217,224.26
6:48PM,0,14.895,205.72
6:49PM,0,15.258,259.095
6:50PM,0,14.821,228.224
6:51PM,0,12.504,285.333
6:52PM,0,15.277,232.029
6:53PM,0,13.545,218.346
6:54PM,0,11.181,265.399
6:55PM,0,14.268,226.438
6:56PM,0,14.766,277.794
6:57PM,0,12.344,282.131
6:58PM,0,11.389,242.227
6:59PM,0,13.108,275.512
7:00PM,0,12.311,256.077
7:01PM,0,13.562,225.993
7:02PM,0,12.909,202.026
7:03PM,0,13.63,257.698
7:04PM,0,12.644,207.101
7:05PM,0,11.466,232.927
7:06PM,0,12.22,207.587
7:07PM,0,12.818,204.071
7:08PM,0,11.516,240.787
7:09PM,0,12.541,214.036
7:10PM,0,13.99,232.372
7:11PM,0,11.49,215.887
7:12PM,0,10.533,244.522
7:13PM,0,11.949,216.844
7:14PM,0,10.881,213.857
7:15PM,0,12.635,283.887
7:16PM,0,10.599,288.243
7:17PM,0,10.664,209.785
7:18PM,0,13.216,280.981
7:19PM,0,11.308,232.851
7:20PM,0,10.747,201.057
7:21PM,0,11.889,284.211
7:22PM,0,12.258,212.889
7:23PM,0,14.174,207.462
7:24PM,0,10.721,198.864
7:25PM,0,12.568,221.056
7:26PM,0,12.884,256.864
7:27PM,0,13.221,222.432
7:28PM,0,11.644,246.144
7:29PM,0,14.104,249.638
7:30PM,0,10.257,270.665
7:31PM,0,12.708,210.275
7:32PM,0,11.786,273.077
7:33PM,0,14.659,205.435
7:34PM,0,14.26,222.125
7:35PM,0,11.057,196.366
7:36PM,0,13.423,208.516
7:37PM,0,13.072,262.273
7:38PM,0,11.354,242.601
7:39PM,0,13.05,198.808
7:40PM,0,9.557,254.792
7:41PM,0,12.145,270.063
7:42PM,0,12.954,251.993
7:43PM,0,12.878,208.662
7:44PM,0,12.326,255.852
7:45PM,0,13.272,269.664
7:46PM,0,11.336,205.121
7:47PM,0,10.036,197.632
7:48PM,0,12.865,234.678
7:49PM,0,11.355,219.622
7:50PM,0,11.433,265.024
7:51PM,0,13.804,284.425
7:52PM,0,10.113,223.302
7:53PM,0,11.785,240.824
7:54PM,0,10.623,201.404
7:55PM,0,10.144,197.489
7:56PM,0,10.435,240.984
7:57PM,0,13.039,217.913
7:58PM,0,13.505,281.879
7:59PM,0,10.3,276.023
8:00PM,0,10.719,227.99
8:01PM,0,10.48,224.67
8:02PM,0,12.805,262.137
8:03PM,0,9.687,260.145
8:04PM,0,11.856,282.283
8:05PM,0,9.91,278.431
8:06PM,0,11.536,250.592
8:07PM,0,9.553,212.146
8:08PM,0,13.946,255.719
8:09PM,0,13.375,197.558
8:10PM,0,13.684,285.312
8:11PM,0,9.831,213.335
8:12PM,0,9.687,194.546
8:13PM,0,11.912,234.027
8:14PM,0,11.072,207.607
8:15PM,0,10.223,217.138
8:16PM,0,10.539,266.8
8:17PM,0,12.046,264.386
8:18PM,0,13.618,217.361
8:19PM,0,11.513,219.113
8:20PM,0,13.214,278.586
8:21PM,0,12.053,208.661
8:22PM,0,9.123,231.397
8:23PM,0,11.214,194.938
8:24PM,0,9.887,279.582
8:25PM,0,9.195,259.716
8:26PM,0,13.405,265.533
8:27PM,0,9.706,246.496
8:28PM,0,13.48,220.364
8:29PM,0,9.84,207.506
8:30PM,0,13.42,245.378
8:31PM,0,9.354,253.369
8:32PM,0,12.009,258.222
8:33PM,0,9.314,212.168
8:34PM,0,11.797,270.806
8:35PM,0,9.736,234.259
8:36PM,0,9.344,283.819
8:37PM,0,9.456,249.635
8:38PM,0,10.21,269.731
8:39PM,0,10.641,259.708
8:40PM,0,11.214,273.681
8:41PM,0,12.308,244.284
8:42PM,0,9.472,206.299
8:43PM,0,11.741,231.327
8:44PM,0,9.157,281.477
8:45PM,0,11.361,245.779
8:46PM,0,11.362,274.842
8:47PM,0,10.582,204.897
8:48PM,0,10.68,277.07
8:49PM,0,9.913,269.371
8:50PM,0,9.838,220.282
8:51PM,0,9.213,246.075
8:52PM,0,11.456,276.046
8:53PM,0,10.09,196.613
8:54PM,0,11.352,237.291
8:55PM,0,11.064,199.102
8:56PM,0,12.904,265.853
8:57PM,0,11.238,275.911
8:58PM,0,8.829,209.287
8:59PM,0,8.867,229.827
9:00PM,0,11.025,281.768
9:01PM,0,10.589,236.135
9:02PM,0,8.848,285.415
9:03PM,0,9.51,282.875
9:04PM,0,10.718,220.351
9:05PM,0,11.036,268.943
9:06PM,0,11.453,273.326
9:07PM,0,9.767,215.516
9:08PM,0,11.064,251.125
9:09PM,0,9.114,199.476
9:10PM,0,11.298,247.767
9:11PM,0,11.153,261.822
9:12PM,0,12.679,206.626
9:13PM,0,10.446,243.387
9:14PM,0,9.921,269.64
9:15PM,0,11.075,205.411
9:16PM,0,8.574,241.384
9:17PM,0,8.689,233.05
9:18PM,0,12.308,222.166
9:19PM,0,9.865,280.027
9:20PM,0,11.053,285.256
9:21PM,0,8.197,251.057
9:22PM,0,9.055,281.466
9:23PM,0,11.099,254.332
9:24PM,0,10.916,216.79
9:25PM,0,11.083,287.781
9:26PM,0,9.135,290.924
9:27PM,0,11.822,200.666
9:28PM,0,12.377,247.53
9:29PM,0,12.154,262.184
9:30PM,0,10.098,254.133
9:31PM,0,8.949,263.24
9:32PM,0,9.23,222.283
9:33PM,0,10.254,228.04
9:34PM,0,8.178,227.757
9:35PM,0,11.191,234.233
9:36PM,0,9.151,212.775
9:37PM,0,9.168,204.792
9:38PM,0,9.671,278.403
9:39PM,0,9.445,196.294
9:40PM,0,8.975,222.558
9:41PM,0,8.801,220.494
9:42PM,0,9.79,242.077
9:43PM,0,11.159,239.759
9:44PM,0,9.143,266.527
9:45PM,0,9.194,276.313
9:46PM,0,11.031,217.849
9:47PM,0,12.208,260.26
9:48PM,0,8.519,211.969
9:49PM,0,9.595,271.334
9:50PM,0,11.032,282.107
9:51PM,0,8.778,220.042
9:52PM,0,8.218,276.085
9:53PM,0,11.647,227.51
9:54PM,0,10.781,243.43
9:55PM,0,10.714,194.496
9:56PM,0,9.059,205.28
9:57PM,0,8.675,253.29
9:58PM,0,11.692,214.312
9:59PM,0,10.862,200.691
10:00PM,0,10.053,198.888
10:01PM,0,10.831,196.891
10:02PM,0,9.725,201.499
10:03PM,0,10.488,216.459
10:04PM,0,10.705,275.305
10:05PM,0,8.991,227.579
10:06PM,0,11.463,235.448
10:07PM,0,8.836,203.909
10:08PM,0,11.64,247.762
10:09PM,0,10.107,219.498
10:10PM,0,10.152,225.156
10:11PM,0,12.412,231.21
10:12PM,0,9.222,287.668
10:13PM,0,8.965,217.89
10:14PM,0,12.009,255.897
10:15PM,0,8.434,243.045
10:16PM,0,11.684,258.041
10:17PM,0,9.926,281.009
10:18PM,0,11.778,227.487
10:19PM,0,8.321,276.801
10:20PM,0,9.089,282.119
10:21PM,0,9.592,208.311
10:22PM,0,8.852,257.159
10:23PM,0,10.327,193.764
10:24PM,0,10.753,254.009
10:25PM,0,8.894,218.13
10:26PM,0,11.05,269.672
10:27PM,0,9.968,252.204
10:28PM,0,8.712,289.828
10:29PM,0,8.486,200.283
10:30PM,0,9.334,212.532
10:31PM,0,7.93,279.016
10:32PM,0,8.399,238.745
10:33PM,0,11.835,271.332
10:34PM,0,9.191,220.321
10:35PM,0,9.799,265.451
10:36PM,0,9.583,257.986
10:37PM,0,9.428,215.776
10:38PM,0,9.414,266.254
10:39PM,0,8.22,214.229
10:40PM,0,9.163,200.788
10:41PM,0,8.979,217.31
10:42PM,0,8.494,260.413
10:43PM,0,10.659,205.583
10:44PM,0,11.057,270.997
10:45PM,0,8.289,212.584
10:46PM,0,10.901,264.141
10:47PM,0,8.058,261.501
10:48PM,0,10.962,278.982
10:49PM,0,7.508,250.856
10:50PM,0,7.408,282.694
10:51PM,0,8.587,244.749
10:52PM,0,8.219,281.808
10:53PM,0,10.471,212.349
10:54PM,0,9.254,249.706
10:55PM,0,8.403,242.307
10:56PM,0,7.587,211.693
10:57PM,0,10.946,219.449
10:58PM,0,10.636,222.284
10:59PM,0,8.057,237.065
11:00PM,0,10.388,218.532
11:01PM,0,9.549,277.322
11:02PM,0,9.243,256.658
11:03PM,0,8.211,291.266
11:04PM,0,8.359,203.485
11:05PM,0,7.999,258.155
11:06PM,0,10.112,260.921
11:07PM,0,8.826,286.757
11:08PM,0,9.01,197.395
11:09PM,0,9.657,236.158
11:10PM,0,8.186,197.886
11:11PM,0,9.284,291.028
11:12PM,0,10.262,281.278
11:13PM,0,8.123,266.943
11:14PM,0,7.499,275.167
11:15PM,0,7.9,261.453
11:16PM,0,10.291,263.457
11:17PM,0,7.841,228.139
11:18PM,0,10.391,226.071
11:19PM,0,9.412,199.856
11:20PM,0,8.916,270.166
11:21PM,0,7.118,282.464
11:22PM,0,9.848,255.687
11:23PM,0,9.027,218.74
11:24PM,0,8.35,245.133
11:25PM,0,8.75,231.03
11:26PM,0,7.581,223.615
11:27PM,0,8.408,272.86
11:28PM,0,8.827,204.208
11:29PM,0,9.171,260.906
11:30PM,0,8.86,218.336
11:31PM,0,9.748,269.679
11:32PM,0,8.913,205.207
11:33PM,0,7.498,237.379
11:34PM,0,6.944,229.89
11:35PM,0,9.673,277.593
11:36PM,0,9.502,240.445
11:37PM,0,7.339,242.796
11:38PM,0,8.338,202.714
11:39PM,0,8.373,238.913
11:40PM,0,7.632,207.905
11:41PM,0,8.323,287.661
11:42PM,0,10.058,243.026
11:43PM,0,10.195,278.374
11:44PM,0,7.426,289.62
11:45PM,0,7.851,234.587
11:46PM,0,7.773,263.707
11:47PM,0,9.851,278.681
11:48PM,0,9.352,238.605
11:49PM,0,7.159,235.382
11:50PM,0,10.301,210.186
11:51PM,0,7.243,287.925
11:52PM,0,7.114,255.765
11:53PM,0,8.098,287.095
11:54PM,0,7.027,277.832
11:55PM,0,8.802,290.508
